{
    "0": {
        "precision": 0.9971337968044883,
        "recall": 0.9976813716517177,
        "f1-score": 0.9974075090737183,
        "support": 16389.0
    },
    "1": {
        "precision": 0.9826861241652238,
        "recall": 0.9814723320158103,
        "f1-score": 0.982078853046595,
        "support": 4048.0
    },
    "2": {
        "precision": 0.9812093023255813,
        "recall": 0.9802973977695167,
        "f1-score": 0.9807531380753138,
        "support": 5380.0
    },
    "3": {
        "precision": 0.9950996622740216,
        "recall": 0.9951655629139072,
        "f1-score": 0.9951326115029304,
        "support": 15100.0
    },
    "accuracy": 0.9928636019258499,
    "macro avg": {
        "precision": 0.9890322213923287,
        "recall": 0.9886541660877379,
        "f1-score": 0.9888430279246394,
        "support": 40917.0
    },
    "weighted avg": {
        "precision": 0.9928599402033126,
        "recall": 0.9928636019258499,
        "f1-score": 0.9928616755842614,
        "support": 40917.0
    }
}